<?xml version="1.0" encoding="UTF-8"?>
<window>
	<defaultcontrol always="true">9000</defaultcontrol>
	<onload condition="!Skin.String(MainMenuPosition)">Skin.SetString(MainMenuPosition,$LOCALIZE[571])</onload>
	<onunload condition="Container(9000).Hasfocus(10) | Container(9000).Hasfocus(11) | ControlGroup(9010).HasFocus | ControlGroup(9016).HasFocus | ControlGroup(9017).HasFocus | ControlGroup(9018).HasFocus">SetProperty(VideosDirectLink,True)</onunload>
	<onunload condition="ControlGroup(9011).HasFocus">SetProperty(MusicDirectLink,True)</onunload>
	<onunload condition="Control.HasFocus(9000) + Container(9000).Hasfocus(2)">ClearProperty(VideosDirectLink)</onunload>
	<onunload condition="Control.HasFocus(9000) + Container(9000).Hasfocus(3)">ClearProperty(MusicDirectLink)</onunload>
	<controls>
		<include content="SubMenuNodes" name="VideosSubMenu">
			<param name="id">90100</param>
			<param name="items">$VAR[NodeSortItems]</param>
			<param name="path">library://video/</param>
			<param name="sortby">$VAR[NodeSortBy]</param>
			<param name="sortorder">$VAR[NodeSortOrder]</param>
		</include>
		<include content="SubMenuNodes" name="MusicSubMenu">
			<param name="id">90110</param>
			<param name="items">$VAR[NodeSortItems]</param>
			<param name="path">library://music/</param>
			<param name="sortby">$VAR[NodeSortBy]</param>
			<param name="sortorder">$VAR[NodeSortOrder]</param>
		</include>
		<include content="SubMenuNodes" name="ProgramsSubMenu">
			<param name="id">90120</param>
			<param name="path">addons://</param>
			<param name="items">$VAR[NodeSortItems]</param>
			<param name="sortby">$VAR[NodeSortBy]</param>
			<param name="sortorder">$VAR[NodeSortOrder]</param>
		</include>
		<include content="SubMenuNodes" name="MoviesSubMenu">
			<param name="id">90160</param>
			<param name="items">$VAR[NodeSortItems]</param>
			<param name="path">library://video/movies/</param>
			<param name="sortby">$VAR[NodeSortBy]</param>
			<param name="sortorder">$VAR[NodeSortOrder]</param>
		</include>
		<include content="SubMenuNodes" name="TVShowsSubMenu">
			<param name="id">90170</param>
			<param name="items">$VAR[NodeSortItems]</param>
			<param name="path">library://video/tvshows/</param>
			<param name="sortby">$VAR[NodeSortBy]</param>
			<param name="sortorder">$VAR[NodeSortOrder]</param>
		</include>
		<include content="SubMenuNodes" name="MusicVideosSubMenu">
			<param name="id">90180</param>
			<param name="items">$VAR[NodeSortItems]</param>
			<param name="path">library://video/musicvideos/</param>
			<param name="sortby">$VAR[NodeSortBy]</param>
			<param name="sortorder">$VAR[NodeSortOrder]</param>
		</include>
		<include>CommonBackground</include>
		<control type="image">
			<visible>Skin.String(MainMenuPosition,$LOCALIZE[391])</visible>
			<depth>DepthFloor</depth>
			<left>-30</left>
			<top></top>
			<bottom>947</bottom>
			<width>1980</width>
			<height>135</height>
			<texture flipy="true">floor.png</texture>
			<animation effect="slide" time="200" condition="Window.Previous(Home)">WindowOpen</animation>
			<animation effect="slide" time="200" condition="Window.Next(Home)">WindowClose</animation>
		</control>
		<control type="image">
			<visible>[Skin.String(MainMenuPosition,$LOCALIZE[393]) | !Skin.String(MainMenuPosition) | Skin.String(MainMenuPosition,$LOCALIZE[571])]</visible>
			<depth>DepthFloor</depth>
			<left>-30</left>
			<top></top>
			<bottom>0</bottom>
			<width>1980</width>
			<height>135</height>
			<texture>floor.png</texture>
			<animation effect="slide" time="200" condition="Window.Previous(Home)">WindowOpen</animation>
			<animation effect="slide" time="200" condition="Window.Next(Home)">WindowClose</animation>
		</control>
		<!-- Music Info -->
		<control type="group">
			<animation effect="slide" end="0,373" time="320" tween="cubic" easing="inout" condition="Skin.String(MainMenuPosition,$LOCALIZE[391])">Conditional</animation>
			<animation effect="slide" end="0,480" time="320" tween="cubic" easing="inout" condition="Skin.String(MainMenuPosition,$LOCALIZE[393])">Conditional</animation>
			<depth>DepthMenu</depth>
			<top>90</top>
			<left>0</left>
			<visible>Player.HasAudio + !Skin.HasSetting(homepageMusicinfo) + String.IsEmpty(Window(Videos).Property(PlayingBackgroundMedia))</visible>
			<include>VisibleFadeEffect</include>
			<include>Window_OpenClose_Animation</include>
			<control type="image">
				<description>Cover image</description>
				<left>30</left>
				<top>68</top>
				<width>195</width>
				<height>442</height>
				<aspectratio aligny="bottom">keep</aspectratio>
				<texture fallback="DefaultAlbumCover.png">$INFO[Player.Art(thumb)]</texture>
				<bordertexture border="12">ThumbBorder.png</bordertexture>
				<bordersize>8</bordersize>
			</control>
			<control type="label">
				<description>Album Label</description>
				<left>255</left>
				<top>398</top>
				<height>38</height>
				<width>1500</width>
				<label>$INFO[MusicPlayer.Artist,, - ]$INFO[MusicPlayer.Album]$INFO[musicplayer.discnumber, - $LOCALIZE[427]:]</label>
				<align>left</align>
				<aligny>center</aligny>
				<font>font12</font>
				<textcolor>white</textcolor>
				<shadowcolor>black</shadowcolor>
			</control>
			<control type="label">
				<description>Title label</description>
				<left>255</left>
				<top>428</top>
				<height>45</height>
				<width>1500</width>
				<label>$INFO[Player.Title]</label>
				<align>left</align>
				<aligny>center</aligny>
				<font>font13_title</font>
				<textcolor>white</textcolor>
				<shadowcolor>black</shadowcolor>
			</control>
			<control type="label">
				<description>Time Label</description>
				<left>255</left>
				<top>465</top>
				<height>45</height>
				<width>450</width>
				<label>$INFO[Player.Time]$INFO[Player.Duration,[COLOR=blue] / [/COLOR]]</label>
				<align>left</align>
				<aligny>center</aligny>
				<font>font12</font>
				<textcolor>white</textcolor>
				<shadowcolor>black</shadowcolor>
			</control>
		</control>
		<!-- LiveTV Info -->
		<control type="group">
			<animation effect="slide" end="0,373" time="320" tween="cubic" easing="inout" condition="Skin.String(MainMenuPosition,$LOCALIZE[391])">Conditional</animation>
			<animation effect="slide" end="0,480" time="320" tween="cubic" easing="inout" condition="Skin.String(MainMenuPosition,$LOCALIZE[393])">Conditional</animation>
			<top>105</top>
			<depth>DepthMenu</depth>
			<left>735r</left>
			<visible>Container(9000).HasFocus(12) + [PVR.IsRecording | PVR.HasNonRecordingTimer]</visible>
			<include>VisibleFadeEffect</include>
			<include>Window_OpenClose_Animation</include>
			<animation effect="fade" start="100" end="0" time="150" condition="Window.IsActive(Favourites)">conditional</animation>
			<control type="group">
				<animation effect="slide" start="0,0" end="0,150" time="0" condition="PVR.IsRecording">conditional</animation>
				<visible>PVR.HasNonRecordingTimer</visible>
				<control type="image">
					<left>0</left>
					<top>-8</top>
					<width>735</width>
					<height>135</height>
					<texture>gradient.png</texture>
				</control>
				<control type="image">
					<left>600</left>
					<top>0</top>
					<width>120</width>
					<height>120</height>
					<aspectratio>keep</aspectratio>
					<texture background="true" fallback="DefaultVideoCover.png">$INFO[PVR.NextRecordingChannelIcon]</texture>
					<bordertexture border="12">ThumbBorder.png</bordertexture>
					<bordersize>6</bordersize>
				</control>
				<control type="image">
					<left>548</left>
					<top>8</top>
					<width>38</width>
					<height>38</height>
					<aspectratio>keep</aspectratio>
					<texture>PVR-HasTimer.png</texture>
				</control>
				<control type="label">
					<description>Next Timer Header label</description>
					<left>-68</left>
					<top>8</top>
					<height>38</height>
					<width>600</width>
					<label>$LOCALIZE[19157]</label>
					<align>right</align>
					<aligny>center</aligny>
					<font>font12_title</font>
					<textcolor>blue</textcolor>
					<shadowcolor>black</shadowcolor>
				</control>
				<control type="label">
					<description>NextRecordingDateTime</description>
					<left>-15</left>
					<top>45</top>
					<height>38</height>
					<width>600</width>
					<label>$INFO[PVR.NextRecordingDateTime,$LOCALIZE[19126] - ]</label>
					<align>right</align>
					<aligny>center</aligny>
					<font>font12</font>
					<scroll>true</scroll>
					<shadowcolor>black</shadowcolor>
				</control>
				<control type="label">
					<description>NextRecordingTitle Channel</description>
					<left>-615</left>
					<top>75</top>
					<height>38</height>
					<width>1200</width>
					<label>$INFO[PVR.NextRecordingTitle][COLOR=grey]$INFO[PVR.NextRecordingChannel, - [COLOR=blue]([/COLOR],[COLOR=blue])[/COLOR]][/COLOR]</label>
					<align>right</align>
					<aligny>center</aligny>
					<font>font12_title</font>
					<shadowcolor>black</shadowcolor>
					<scroll>true</scroll>
				</control>
			</control>
			<control type="group">
				<visible>PVR.IsRecording</visible>
				<control type="image">
					<left>0</left>
					<top>-8</top>
					<width>735</width>
					<height>135</height>
					<texture>gradient.png</texture>
				</control>
				<control type="image">
					<left>600</left>
					<top>0</top>
					<width>120</width>
					<height>120</height>
					<aspectratio>keep</aspectratio>
					<texture background="true" fallback="DefaultVideoCover.png">$INFO[PVR.NowRecordingChannelIcon]</texture>
					<bordertexture border="12">ThumbBorder.png</bordertexture>
					<bordersize>6</bordersize>
				</control>
				<control type="image">
					<left>548</left>
					<top>8</top>
					<width>38</width>
					<height>38</height>
					<aspectratio>keep</aspectratio>
					<texture>PVR-IsRecording.png</texture>
				</control>
				<control type="label">
					<description>Is Recording Header label</description>
					<left>-68</left>
					<top>8</top>
					<height>38</height>
					<width>600</width>
					<label>$LOCALIZE[19158]</label>
					<align>right</align>
					<aligny>center</aligny>
					<font>font12_title</font>
					<textcolor>blue</textcolor>
					<shadowcolor>black</shadowcolor>
				</control>
				<control type="label">
					<description>NextRecordingDateTime</description>
					<left>-15</left>
					<top>45</top>
					<height>38</height>
					<width>600</width>
					<label>$INFO[PVR.NowRecordingDateTime,$LOCALIZE[19126] - ]</label>
					<align>right</align>
					<aligny>center</aligny>
					<font>font12</font>
					<scroll>true</scroll>
					<shadowcolor>black</shadowcolor>
				</control>
				<control type="label">
					<description>NextRecordingTitle Channel</description>
					<left>-615</left>
					<top>75</top>
					<height>45</height>
					<width>1200</width>
					<label>$INFO[PVR.NowRecordingTitle][COLOR=grey]$INFO[PVR.NowRecordingChannel, - [COLOR=blue]([/COLOR],[COLOR=blue])[/COLOR]][/COLOR]</label>
					<align>right</align>
					<aligny>center</aligny>
					<font>font12_title</font>
					<shadowcolor>black</shadowcolor>
					<scroll>true</scroll>
				</control>
			</control>
		</control>
		<!-- Video Info -->
		<control type="group">
			<animation effect="slide" end="0,373" time="320" tween="cubic" easing="inout" condition="Skin.String(MainMenuPosition,$LOCALIZE[391])">Conditional</animation>
			<animation effect="slide" end="0,480" time="320" tween="cubic" easing="inout" condition="Skin.String(MainMenuPosition,$LOCALIZE[393])">Conditional</animation>
			<depth>DepthMenu</depth>
			<left>0</left>
			<top>75</top>
			<visible>Player.HasVideo + !Skin.HasSetting(homepageVideoinfo) + String.IsEmpty(Window(Videos).Property(PlayingBackgroundMedia))</visible>
			<include>VisibleFadeEffect</include>
			<include>Window_OpenClose_Animation</include>
			<control type="group">
				<visible>!VideoPlayer.Content(Movies) + !VideoPlayer.Content(Episodes) + !VideoPlayer.Content(LiveTV)</visible>
				<control type="image">
					<description>Cover image</description>
					<left>30</left>
					<top>68</top>
					<width>225</width>
					<height>450</height>
					<aspectratio aligny="bottom">keep</aspectratio>
					<texture fallback="DefaultVideoCover.png">$INFO[Player.Art(thumb)]</texture>
					<bordertexture border="12">ThumbBorder.png</bordertexture>
					<bordersize>8</bordersize>
				</control>
				<control type="label">
					<description>Title label</description>
					<left>285</left>
					<top>428</top>
					<height>45</height>
					<width>1500</width>
					<label>$INFO[Player.Title]</label>
					<align>left</align>
					<aligny>center</aligny>
					<font>font13_title</font>
					<textcolor>white</textcolor>
					<shadowcolor>black</shadowcolor>
				</control>
				<control type="label">
					<description>Time Label</description>
					<left>285</left>
					<top>465</top>
					<height>45</height>
					<width>450</width>
					<label>$INFO[Player.Time]$INFO[Player.Duration,[COLOR=blue] / [/COLOR]]</label>
					<align>left</align>
					<aligny>center</aligny>
					<font>font12</font>
					<textcolor>white</textcolor>
					<shadowcolor>black</shadowcolor>
				</control>
			</control>
			<control type="group">
				<visible>VideoPlayer.Content(LiveTV)</visible>
				<control type="image">
					<description>Cover image</description>
					<left>30</left>
					<top>68</top>
					<width>180</width>
					<height>450</height>
					<aspectratio aligny="bottom">keep</aspectratio>
					<texture fallback="DefaultVideoCover.png">$INFO[Player.Art(thumb)]</texture>
					<bordertexture border="12">ThumbBorder.png</bordertexture>
					<bordersize>8</bordersize>
				</control>
				<control type="label">
					<description>Channel label</description>
					<left>240</left>
					<top>398</top>
					<height>38</height>
					<width>990</width>
					<label>$INFO[VideoPlayer.ChannelName]</label>
					<align>left</align>
					<aligny>center</aligny>
					<font>font12</font>
					<textcolor>white</textcolor>
					<shadowcolor>black</shadowcolor>
				</control>
				<control type="label">
					<description>Title label</description>
					<left>240</left>
					<top>428</top>
					<height>45</height>
					<width>1500</width>
					<label>$INFO[Player.Title]</label>
					<align>left</align>
					<aligny>center</aligny>
					<font>font13_title</font>
					<textcolor>white</textcolor>
					<shadowcolor>black</shadowcolor>
				</control>
				<control type="label">
					<description>Time Label</description>
					<left>240</left>
					<top>465</top>
					<height>45</height>
					<width>450</width>
					<label>$INFO[Player.Time]$INFO[Player.Duration,[COLOR=blue] / [/COLOR]]</label>
					<align>left</align>
					<aligny>center</aligny>
					<font>font12</font>
					<textcolor>white</textcolor>
					<shadowcolor>black</shadowcolor>
				</control>
			</control>
			<control type="group">
				<visible>VideoPlayer.Content(Movies)</visible>
				<control type="image">
					<description>Cover image</description>
					<left>30</left>
					<top>68</top>
					<width>180</width>
					<height>450</height>
					<aspectratio aligny="bottom">keep</aspectratio>
					<texture fallback="DefaultVideoCover.png">$INFO[Player.Art(thumb)]</texture>
					<bordertexture border="12">ThumbBorder.png</bordertexture>
					<bordersize>8</bordersize>
				</control>
				<control type="label">
					<description>Studio label</description>
					<left>240</left>
					<top>398</top>
					<height>38</height>
					<width>1500</width>
					<label>$INFO[VideoPlayer.Studio]</label>
					<align>left</align>
					<aligny>center</aligny>
					<font>font12</font>
					<textcolor>white</textcolor>
					<shadowcolor>black</shadowcolor>
				</control>
				<control type="label">
					<description>Title label</description>
					<left>240</left>
					<top>428</top>
					<height>45</height>
					<width>1500</width>
					<label>$INFO[Player.Title]$INFO[VideoPlayer.Year,[COLOR=grey] (,)[/COLOR]]</label>
					<align>left</align>
					<aligny>center</aligny>
					<font>font13_title</font>
					<textcolor>white</textcolor>
					<shadowcolor>black</shadowcolor>
				</control>
				<control type="label">
					<description>Time Label</description>
					<left>240</left>
					<top>465</top>
					<height>45</height>
					<width>450</width>
					<label>$INFO[Player.Time]$INFO[Player.Duration,[COLOR=blue] / [/COLOR]]</label>
					<align>left</align>
					<aligny>center</aligny>
					<font>font12</font>
					<textcolor>white</textcolor>
					<shadowcolor>black</shadowcolor>
				</control>
			</control>
			<control type="group">
				<visible>VideoPlayer.Content(Episodes)</visible>
				<control type="image">
					<description>Cover image</description>
					<left>30</left>
					<top>338</top>
					<width>270</width>
					<height>180</height>
					<aspectratio>scale</aspectratio>
					<texture fallback="DefaultVideoCover.png">$INFO[Player.Art(thumb)]</texture>
					<bordertexture border="12">ThumbBorder.png</bordertexture>
					<bordersize>8</bordersize>
				</control>
				<control type="label">
					<description>TV Show Season Ep Label</description>
					<left>315</left>
					<top>398</top>
					<height>38</height>
					<width>1500</width>
					<label>$INFO[VideoPlayer.TVShowTitle] ($INFO[VideoPlayer.Season,$LOCALIZE[20373] , - ]$INFO[VideoPlayer.episode,$LOCALIZE[20359] ,])</label>
					<align>left</align>
					<aligny>center</aligny>
					<font>font12</font>
					<textcolor>white</textcolor>
					<shadowcolor>black</shadowcolor>
				</control>
				<control type="label">
					<description>Title label</description>
					<left>315</left>
					<top>428</top>
					<height>45</height>
					<width>1500</width>
					<label>$INFO[Player.Title]</label>
					<align>left</align>
					<aligny>center</aligny>
					<font>font13_title</font>
					<textcolor>white</textcolor>
					<shadowcolor>black</shadowcolor>
				</control>
				<control type="label">
					<description>Time Label</description>
					<left>315</left>
					<top>465</top>
					<height>45</height>
					<width>450</width>
					<label>$INFO[Player.Time]$INFO[Player.Duration,[COLOR=blue] / [/COLOR]]</label>
					<align>left</align>
					<aligny>center</aligny>
					<font>font12</font>
					<textcolor>white</textcolor>
					<shadowcolor>black</shadowcolor>
				</control>
			</control>
		</control>
		<include>HomeRecentlyAddedInfo</include>
		<control type="button" id="9003">
			<description>Hidden Button to pass through navigation when recently added is disabled</description>
			<left>-30</left>
			<top>-30</top>
			<width>1</width>
			<height>1</height>
			<label>-</label>
			<font>-</font>
			<texturefocus>-</texturefocus>
			<texturenofocus>-</texturenofocus>
			<onleft>9000</onleft>
			<onright>9000</onright>
			<onup>20</onup>
			<ondown>608</ondown>
			<visible>false</visible>
		</control>
		<control type="group">
			<animation effect="slide" end="0,373" time="320" tween="cubic" easing="inout" condition="Skin.String(MainMenuPosition,$LOCALIZE[391])">Conditional</animation>
			<animation effect="slide" end="0,480" time="320" tween="cubic" easing="inout" condition="Skin.String(MainMenuPosition,$LOCALIZE[393])">Conditional</animation>
			<depth>DepthMenu-</depth>
			<description>Controls for currently playing media</description>
			<left>818r</left>
			<top>555</top>
			<animation effect="slide" start="0,0" end="548,0" time="225" condition="!Player.HasMedia">conditional</animation>
			<animation type="WindowOpen" reversible="false">
				<effect type="zoom" start="80" end="100" center="960,540" easing="out" tween="back" time="225" />
				<effect type="fade" start="0" end="100" time="225" />
			</animation>
			<animation type="WindowClose" reversible="false">
				<effect type="zoom" start="100" end="80" center="960,540" easing="in" tween="back" time="225" />
				<effect type="fade" start="100" end="0" time="225" />
			</animation>
			<visible>String.IsEmpty(Window(Videos).Property(PlayingBackgroundMedia))</visible>
			<control type="image">
				<description>Background End image</description>
				<left>0</left>
				<top>0</top>
				<width>52</width>
				<height>52</height>
				<colordiffuse>CCFFFFFF</colordiffuse>
				<texture flipy="true" border="0,8,0,0" flipx="true">HomeSubEnd.png</texture>
				<animation effect="slide" start="0,0" end="218,0" time="0" condition="!System.HasAddon(script.globalsearch)">Conditional</animation>
			</control>
			<control type="radiobutton" id="608">
				<colordiffuse>CCFFFFFF</colordiffuse>
				<description>Global Search</description>
				<left>52</left>
				<top>0</top>
				<height>52</height>
				<width>218</width>
				<textwidth>225</textwidth>
				<textoffsetx>15</textoffsetx>
				<align>left</align>
				<aligny>center</aligny>
				<font>font12</font>
				<textcolor>grey2</textcolor>
				<focusedcolor>white</focusedcolor>
				<texturefocus flipy="true" border="8">HomeSubFO.png</texturefocus>
				<texturenofocus flipy="true" border="8">HomeSubNF.png</texturenofocus>
				<pulseonselect>false</pulseonselect>
				<label>137</label>
				<onclick>RunScript(script.globalsearch)</onclick>
				<textureradioonfocus>icon_search.png</textureradioonfocus>
				<textureradioonnofocus>icon_search.png</textureradioonnofocus>
				<textureradioofffocus>icon_search.png</textureradioofffocus>
				<textureradiooffnofocus>icon_search.png</textureradiooffnofocus>
				<onleft>607</onleft>
				<onright>601</onright>
				<onup>9003</onup>
				<ondown>9000</ondown>
				<visible>System.HasAddon(script.globalsearch)</visible>
			</control>
			<control type="group" id="600">
				<left>270</left>
				<onup>9003</onup>
				<ondown>9000</ondown>
				<defaultcontrol>-</defaultcontrol>
				<enable>Player.HasMedia</enable>
				<control type="image">
					<description>Background image</description>
					<left>0</left>
					<top>0</top>
					<width>308</width>
					<height>52</height>
					<texture flipy="true" border="0,8,0,0">HomeSubNF.png</texture>
					<colordiffuse>CCFFFFFF</colordiffuse>
				</control>
				<control type="group">
					<visible>!VideoPlayer.Content(LiveTV)</visible>
					<control type="button" id="601">
						<left>15</left>
						<top>3</top>
						<width>45</width>
						<height>45</height>
						<label>-</label>
						<texturefocus>OSDPrevTrackFO.png</texturefocus>
						<texturenofocus>OSDPrevTrackNF.png</texturenofocus>
						<onleft>608</onleft>
						<onright>602</onright>
						<onup>9003</onup>
						<ondown>9000</ondown>
						<onclick>PlayerControl(Previous)</onclick>
					</control>
					<control type="button" id="602">
						<left>60</left>
						<top>3</top>
						<width>45</width>
						<height>45</height>
						<label>-</label>
						<texturefocus>OSDRewindFO.png</texturefocus>
						<texturenofocus>OSDRewindNF.png</texturenofocus>
						<onleft>601</onleft>
						<onright>603</onright>
						<onup>9003</onup>
						<ondown>9000</ondown>
						<onclick>PlayerControl(Rewind)</onclick>
					</control>
					<control type="togglebutton" id="603">
						<left>105</left>
						<top>3</top>
						<width>45</width>
						<height>45</height>
						<label>-</label>
						<texturefocus>OSDPauseFO.png</texturefocus>
						<texturenofocus>OSDPauseNF.png</texturenofocus>
						<usealttexture>Player.Paused | Player.Forwarding | Player.Rewinding</usealttexture>
						<alttexturefocus>OSDPlayFO.png</alttexturefocus>
						<alttexturenofocus>OSDPlayNF.png</alttexturenofocus>
						<onleft>602</onleft>
						<onright>604</onright>
						<onup>9003</onup>
						<ondown>9000</ondown>
						<onclick>PlayerControl(Play)</onclick>
					</control>
					<control type="button" id="604">
						<left>150</left>
						<top>3</top>
						<width>45</width>
						<height>45</height>
						<label>-</label>
						<texturefocus>OSDStopFO.png</texturefocus>
						<texturenofocus>OSDStopNF.png</texturenofocus>
						<onleft>603</onleft>
						<onright>605</onright>
						<onup>9003</onup>
						<ondown>9000</ondown>
						<onclick>down</onclick>
						<onclick>PlayerControl(Stop)</onclick>
					</control>
					<control type="button" id="605">
						<left>195</left>
						<top>3</top>
						<width>45</width>
						<height>45</height>
						<label>-</label>
						<texturefocus>OSDForwardFO.png</texturefocus>
						<texturenofocus>OSDForwardNF.png</texturenofocus>
						<onleft>604</onleft>
						<onright>606</onright>
						<onup>9003</onup>
						<ondown>9000</ondown>
						<onclick>PlayerControl(Forward)</onclick>
					</control>
					<control type="button" id="606">
						<left>240</left>
						<top>3</top>
						<width>45</width>
						<height>45</height>
						<label>-</label>
						<texturefocus>OSDNextTrackFO.png</texturefocus>
						<texturenofocus>OSDNextTrackNF.png</texturenofocus>
						<onleft>605</onleft>
						<onright>607</onright>
						<onup>9003</onup>
						<ondown>9000</ondown>
						<onclick>PlayerControl(Next)</onclick>
					</control>
				</control>
				<control type="group" id="600">
					<visible>VideoPlayer.Content(LiveTV)</visible>
					<control type="button" id="601">
						<left>15</left>
						<top>3</top>
						<width>45</width>
						<height>45</height>
						<label>-</label>
						<texturefocus>OSDChannelUPFO.png</texturefocus>
						<texturenofocus>OSDChannelUPNF.png</texturenofocus>
						<onleft>608</onleft>
						<onright>602</onright>
						<onup>9003</onup>
						<ondown>9000</ondown>
						<onclick>ChannelDown</onclick>
					</control>
					<control type="button" id="602">
						<left>60</left>
						<top>3</top>
						<width>45</width>
						<height>45</height>
						<label>-</label>
						<texturefocus>OSDChannelDownFO.png</texturefocus>
						<texturenofocus>OSDChannelDownNF.png</texturenofocus>
						<onleft>601</onleft>
						<onright>603</onright>
						<onup>9003</onup>
						<ondown>9000</ondown>
						<onclick>ChannelUp</onclick>
					</control>
					<control type="button" id="603">
						<left>105</left>
						<top>3</top>
						<width>45</width>
						<height>45</height>
						<label>-</label>
						<texturefocus>OSDStopFO.png</texturefocus>
						<texturenofocus>OSDStopNF.png</texturenofocus>
						<onleft>602</onleft>
						<onright>604</onright>
						<onup>9003</onup>
						<ondown>9000</ondown>
						<onclick>down</onclick>
						<onclick>PlayerControl(Stop)</onclick>
					</control>
					<control type="togglebutton" id="604">
						<left>150</left>
						<top>3</top>
						<width>45</width>
						<height>45</height>
						<label>-</label>
						<texturefocus>OSDPauseFO.png</texturefocus>
						<texturenofocus>OSDPauseNF.png</texturenofocus>
						<usealttexture>Player.Paused | Player.Forwarding | Player.Rewinding</usealttexture>
						<alttexturefocus>OSDPlayFO.png</alttexturefocus>
						<alttexturenofocus>OSDPlayNF.png</alttexturenofocus>
						<onleft>603</onleft>
						<onright>605</onright>
						<onup>9003</onup>
						<ondown>9000</ondown>
						<onclick>PlayerControl(Play)</onclick>
						<enable>Player.PauseEnabled</enable>
						<animation effect="fade" start="100" end="30" time="75" condition="!Player.PauseEnabled">Conditional</animation>
					</control>
					<control type="button" id="605">
						<left>195</left>
						<top>3</top>
						<width>45</width>
						<height>45</height>
						<label>-</label>
						<texturefocus>OSDRadioRDSFO.png</texturefocus>
						<texturenofocus>OSDRadioRDSNF.png</texturenofocus>
						<onleft>604</onleft>
						<onright>606</onright>
						<onup>9003</onup>
						<ondown>9000</ondown>
						<onclick>ActivateWindow(PVRRadioRDSInfo)</onclick>
						<enable>RDS.HasRadiotextPlus</enable>
						<animation effect="fade" start="100" end="30" time="75" condition="!RDS.HasRadiotextPlus">Conditional</animation>
					</control>
					<control type="button" id="606">
						<left>240</left>
						<top>3</top>
						<width>45</width>
						<height>45</height>
						<label>-</label>
						<texturefocus>OSDRecordOffFO.png</texturefocus>
						<texturenofocus>OSDRecordOffNF.png</texturenofocus>
						<onleft>605</onleft>
						<onright>607</onright>
						<onup>9003</onup>
						<ondown>9000</ondown>
						<onclick>PlayerControl(record)</onclick>
					</control>
				</control>
			</control>
			<control type="radiobutton" id="607">
				<colordiffuse>CCFFFFFF</colordiffuse>
				<description>Go to fullscreen Playback</description>
				<left>578</left>
				<top>0</top>
				<height>52</height>
				<width>240</width>
				<textwidth>225</textwidth>
				<textoffsetx>15</textoffsetx>
				<align>left</align>
				<aligny>center</aligny>
				<font>font12</font>
				<textcolor>grey2</textcolor>
				<focusedcolor>white</focusedcolor>
				<texturefocus flipy="true" border="8">HomeSubFO.png</texturefocus>
				<texturenofocus flipy="true" border="8">HomeSubNF.png</texturenofocus>
				<pulseonselect>false</pulseonselect>
				<label>31008</label>
				<onclick>fullscreen</onclick>
				<textureradioonfocus>GoFullscreen.png</textureradioonfocus>
				<textureradioonnofocus>GoFullscreen.png</textureradioonnofocus>
				<textureradioofffocus>GoFullscreen.png</textureradioofffocus>
				<textureradiooffnofocus>GoFullscreen.png</textureradiooffnofocus>
				<onleft>606</onleft>
				<onright>608</onright>
				<onup>9003</onup>
				<ondown>9000</ondown>
				<enable>Player.HasMedia</enable>
			</control>
		</control>
		<control type="group">
			<animation effect="slide" end="0,373" time="320" tween="cubic" easing="inout" condition="Skin.String(MainMenuPosition,$LOCALIZE[391])">Conditional</animation>
			<animation effect="slide" end="0,-608" time="320" tween="cubic" easing="inout" condition="Skin.String(MainMenuPosition,$LOCALIZE[393])">Conditional</animation>
			<control type="group">
				<depth>DepthMenu</depth>
				<top>600</top>
				<animation type="WindowOpen" reversible="false">
					<effect type="zoom" start="80" end="100" center="960,540" easing="out" tween="back" time="225" />
					<effect type="fade" start="0" end="100" time="225" />
				</animation>
				<animation type="WindowClose" reversible="false">
					<effect type="zoom" start="100" end="80" center="960,540" easing="in" tween="back" time="225" />
					<effect type="fade" start="100" end="0" time="225" />
				</animation>
				<control type="group" id="9001">
					<depth>DepthMenu-</depth>
					<left>0</left>
					<top>105</top>
					<onup>9000</onup>
					<ondown>9002</ondown>
					<animation effect="slide" end="0,-1080" time="320" tween="cubic" easing="inout" condition="Skin.String(MainMenuPosition,$LOCALIZE[391])">Conditional</animation>
					<control type="grouplist" id="9010">
						<include>HomeSubMenuCommonValues</include>
						<onleft>9010</onleft>
						<onright>9010</onright>
						<visible>Container(9000).HasFocus(2)</visible>
						<!-- Buttons for the grouplist -->
						<include>HomeSubMenuVideos</include>
					</control>
					<control type="grouplist" id="9016">
						<include>HomeSubMenuCommonValues</include>
						<onleft>9016</onleft>
						<onright>9016</onright>
						<visible>Container(9000).HasFocus(10)</visible>
						<!-- Buttons for the grouplist -->
						<include>HomeSubMenuMovies</include>
					</control>
					<control type="grouplist" id="9017">
						<include>HomeSubMenuCommonValues</include>
						<onleft>9017</onleft>
						<onright>9017</onright>
						<visible>Container(9000).HasFocus(11)</visible>
						<!-- Buttons for the grouplist -->
						<include>HomeSubMenuTVShows</include>
					</control>
					<control type="grouplist" id="9011">
						<include>HomeSubMenuCommonValues</include>
						<onleft>9011</onleft>
						<onright>9011</onright>
						<visible>Container(9000).HasFocus(3)</visible>
						<!-- Buttons for the grouplist -->
						<include>HomeSubMenuMusic</include>
					</control>
					<control type="grouplist" id="9012">
						<include>HomeSubMenuCommonValues</include>
						<onleft>9012</onleft>
						<onright>9012</onright>
						<visible>Container(9000).HasFocus(1)</visible>
						<!-- Buttons for the grouplist -->
						<include>HomeSubMenuPrograms</include>
					</control>
					<control type="grouplist" id="9013">
						<include>HomeSubMenuCommonValues</include>
						<onleft>9013</onleft>
						<onright>9013</onright>
						<visible>Container(9000).HasFocus(6)</visible>
						<!-- Buttons for the grouplist -->
						<include>HomeSubMenuPlayDisc</include>
					</control>
					<control type="grouplist" id="9014">
						<include>HomeSubMenuCommonValues</include>
						<onleft>9014</onleft>
						<onright>9014</onright>
						<visible>Container(9000).HasFocus(4)</visible>
						<!-- Buttons for the grouplist -->
						<include>HomeSubMenuPictures</include>
					</control>
					<control type="grouplist" id="9015">
						<include>HomeSubMenuCommonValues</include>
						<onleft>9015</onleft>
						<onright>9015</onright>
						<visible>Container(9000).HasFocus(5)</visible>
						<!-- Buttons for the grouplist -->
						<include>HomeSubMenuSystem</include>
					</control>
					<control type="grouplist" id="9019">
						<include>HomeSubMenuCommonValues</include>
						<onleft>9019</onleft>
						<onright>9019</onright>
						<visible>Container(9000).HasFocus(12)</visible>
						<!-- Buttons for the grouplist -->
						<include>HomeSubMenuTV</include>
					</control>
					<control type="grouplist" id="9020">
						<include>HomeSubMenuCommonValues</include>
						<onleft>9020</onleft>
						<onright>9020</onright>
						<visible>Container(9000).HasFocus(13)</visible>
						<!-- Buttons for the grouplist -->
						<include>HomeSubMenuRadio</include>
					</control>
					<control type="grouplist" id="9018">
						<include>HomeSubMenuCommonValues</include>
						<onleft>9018</onleft>
						<onright>9018</onright>
						<visible>Container(9000).HasFocus(14)</visible>
						<!-- Buttons for the grouplist -->
						<include>HomeSubMenuMusicVideos</include>
					</control>
				</control>
				<control type="image">
					<left>-150</left>
					<top>0</top>
					<width>2220</width>
					<height>112</height>
					<texture border="0,9,0,9">HomeBack.png</texture>
				</control>
				<control type="image">
					<left>0</left>
					<top>8</top>
					<width>1920</width>
					<height>9</height>
					<texture>HomeOverlay1.png</texture>
				</control>
				<control type="fixedlist" id="9000">
					<left>-290</left>
					<top>8</top>
					<width>2350</width>
					<height>90</height>
					<onleft>9000</onleft>
					<onright>9000</onright>
					<onup condition="System.HasAddon(script.globalsearch)">608</onup>
					<onup condition="!System.HasAddon(script.globalsearch)">603</onup>
					<ondown>9001</ondown>
					<pagecontrol>-</pagecontrol>
					<scrolltime>300</scrolltime>
					<focusposition>2</focusposition>
					<movement>1</movement>
					<orientation>Horizontal</orientation>
					<itemlayout height="90" width="500">
						<control type="label">
							<left>8</left>
							<top>0</top>
							<width>485</width>
							<height>90</height>
							<font>font_MainMenu</font>
							<textcolor>grey3</textcolor>
							<align>center</align>
							<aligny>center</aligny>
							<label>$INFO[ListItem.Label]</label>
						</control>
					</itemlayout>
					<focusedlayout height="90" width="500">
						<control type="label">
							<left>8</left>
							<top>0</top>
							<width>485</width>
							<height>90</height>
							<font>font_MainMenu</font>
							<textcolor>grey3</textcolor>
							<align>center</align>
							<aligny>center</aligny>
							<label>$INFO[ListItem.Label]</label>
						</control>
						<control type="label">
							<left>8</left>
							<top>0</top>
							<width>485</width>
							<height>90</height>
							<font>font_MainMenu</font>
							<textcolor>blue</textcolor>
							<align>center</align>
							<aligny>center</aligny>
							<label>$INFO[ListItem.Label]</label>
							<visible>Control.HasFocus(9000)</visible>
							<include>VisibleFadeEffect</include>
						</control>
					</focusedlayout>
					<content>
						<item id="7">
							<label>[UPPERCASE]$LOCALIZE[8][/UPPERCASE]</label>
							<onclick condition="!String.IsEmpty(Weather.Plugin)">ActivateWindow(Weather)</onclick>
							<onclick condition="String.IsEmpty(Weather.Plugin)">ActivateWindow(servicesettings,weather)</onclick>
							<icon>-</icon>
							<thumb>-</thumb>
							<visible>!Skin.HasSetting(HomeMenuNoWeatherButton)</visible>
						</item>
						<item id="4">
							<label>[UPPERCASE]$LOCALIZE[1][/UPPERCASE]</label>
							<onclick>ActivateWindow(Pictures)</onclick>
							<icon>-</icon>
							<thumb>-</thumb>
							<visible>!Skin.HasSetting(HomeMenuNoPicturesButton)</visible>
						</item>
						<item id="13">
							<label>[UPPERCASE]$LOCALIZE[19021][/UPPERCASE]</label>
							<onclick>ActivateWindow(RadioChannels)</onclick>
							<icon>-</icon>
							<thumb>-</thumb>
							<visible>!Skin.HasSetting(HomeMenuNoRadioButton) + PVR.HasRadioChannels</visible>
						</item>
						<item id="12">
							<label>[UPPERCASE]$LOCALIZE[19020][/UPPERCASE]</label>
							<onclick>ActivateWindow(TVChannels)</onclick>
							<icon>-</icon>
							<thumb>-</thumb>
							<visible>!Skin.HasSetting(HomeMenuNoTVButton) + PVR.HasTVChannels</visible>
						</item>
						<item id="2">
							<label>[UPPERCASE]$LOCALIZE[3][/UPPERCASE]</label>
							<onclick condition="String.IsEqual(Window.Property(VideosDirectLink),True)">ActivateWindow(Videos)</onclick>
							<onclick condition="!String.IsEqual(Window.Property(VideosDirectLink),True)">ActivateWindow(Videos,root)</onclick>
							<icon>-</icon>
							<thumb>-</thumb>
							<visible>!Skin.HasSetting(HomeMenuNoVideosButton)</visible>
						</item>
						<item id="10">
							<label>[UPPERCASE]$LOCALIZE[20342][/UPPERCASE]</label>
							<onclick>ActivateWindow(Videos,MovieTitles,return)</onclick>
							<icon>-</icon>
							<thumb>-</thumb>
							<visible>!Skin.HasSetting(HomeMenuNoMoviesButton) + Library.HasContent(Movies)</visible>
						</item>
						<item id="11">
							<label>[UPPERCASE]$LOCALIZE[20343][/UPPERCASE]</label>
							<onclick>ActivateWindow(Videos,TVShowTitles,return)</onclick>
							<icon>-</icon>
							<thumb>-</thumb>
							<visible>!Skin.HasSetting(HomeMenuNoTVShowsButton) + Library.HasContent(TVShows)</visible>
						</item>
						<item id="14">
							<label>[UPPERCASE]$LOCALIZE[20389][/UPPERCASE]</label>
							<onclick>ActivateWindow(Videos,MusicVideoTitles,return)</onclick>
							<icon>-</icon>
							<thumb>-</thumb>
							<visible>!Skin.HasSetting(HomeMenuNoMusicVideosButton) + Library.HasContent(MusicVideos)</visible>
						</item>
						<item id="3">
							<label>[UPPERCASE]$LOCALIZE[2][/UPPERCASE]</label>
							<onclick condition="String.IsEqual(Window.Property(MusicDirectLink),True)">ActivateWindow(Music)</onclick>
							<onclick condition="!String.IsEqual(Window.Property(MusicDirectLink),True)">ActivateWindow(Music,root)</onclick>
							<icon>-</icon>
							<thumb>-</thumb>
							<visible>!Skin.HasSetting(HomeMenuNoMusicButton)</visible>
						</item>
						<item id="1">
							<label>[UPPERCASE]$LOCALIZE[0][/UPPERCASE]</label>
							<onclick condition="!System.Platform.Android">ActivateWindow(Programs,Addons,return)</onclick>
							<onclick condition="System.Platform.Android">ActivateWindow(Programs)</onclick>
							<icon>-</icon>
							<thumb>-</thumb>
							<visible>!Skin.HasSetting(HomeMenuNoProgramsButton)</visible>
						</item>
						<item id="6">
							<label>[UPPERCASE]$LOCALIZE[341][/UPPERCASE]</label>
							<onclick>PlayDVD()</onclick>
							<icon>-</icon>
							<thumb>-</thumb>
							<visible>System.HasMediaDVD + !Skin.HasSetting(HomeMenuNoDiscButton)</visible>
						</item>
						<item id="5">
							<label>[UPPERCASE]$LOCALIZE[5][/UPPERCASE]</label>
							<onclick>ActivateWindow(Settings)</onclick>
							<icon>-</icon>
							<thumb>-</thumb>
							<visible>!Skin.HasSetting(HomeMenuNoSystemButton)</visible>
						</item>
					</content>
				</control>
				<control type="image">
					<left>-15</left>
					<top>9</top>
					<width>207</width>
					<height>94</height>
					<texture>SideFade.png</texture>
				</control>
				<control type="image">
					<left>192r</left>
					<top>9</top>
					<width>207</width>
					<height>94</height>
					<texture flipx="true">SideFade.png</texture>
				</control>
			</control>
		</control>
		<control type="group" id="9002">
			<top>-500</top>
			<depth>DepthMenu</depth>
			<onup>9001</onup>
			<ondown>20</ondown>
			<control type="fixedlist" id="700">
				<animation effect="slide" start="0,0" end="-136,0" time="0" condition="String.IsEqual(Container(700).NumItems,2) | String.IsEqual(Container(700).NumItems,4) | String.IsEqual(Container(700).NumItems,6)">conditional</animation>
				<visible>Container(9000).HasFocus(7)</visible>
				<onleft>700</onleft>
				<onright>700</onright>
				<onup>9001</onup>
				<ondown>20</ondown>
				<include>HomeAddonsCommonLayout</include>
				<content>
					<include>HomeAddonItemsWeather</include>
				</content>
			</control>
			<control type="fixedlist" id="701">
				<animation effect="slide" start="0,0" end="-136,0" time="0" condition="String.IsEqual(Container(701).NumItems,2) | String.IsEqual(Container(701).NumItems,4) | String.IsEqual(Container(701).NumItems,6)">conditional</animation>
				<visible>Container(9000).HasFocus(4)</visible>
				<onleft>701</onleft>
				<onright>701</onright>
				<onup>9001</onup>
				<ondown>20</ondown>
				<include>HomeAddonsCommonLayout</include>
				<content>
					<include>HomeAddonItemsPictures</include>
				</content>
			</control>
			<control type="fixedlist" id="702">
				<animation effect="slide" start="0,0" end="-136,0" time="0" condition="String.IsEqual(Container(702).NumItems,2) | String.IsEqual(Container(702).NumItems,4) | String.IsEqual(Container(702).NumItems,6)">conditional</animation>
				<visible>Container(9000).HasFocus(13)</visible>
				<onleft>702</onleft>
				<onright>702</onright>
				<onup>9001</onup>
				<ondown>20</ondown>
				<include>HomeAddonsCommonLayout</include>
				<content>
					<include>HomeAddonItemsRadio</include>
				</content>
			</control>
			<control type="fixedlist" id="703">
				<animation effect="slide" start="0,0" end="-136,0" time="0" condition="String.IsEqual(Container(703).NumItems,2) | String.IsEqual(Container(703).NumItems,4) | String.IsEqual(Container(703).NumItems,6)">conditional</animation>
				<visible>Container(9000).HasFocus(12)</visible>
				<onleft>703</onleft>
				<onright>703</onright>
				<onup>9001</onup>
				<ondown>20</ondown>
				<include>HomeAddonsCommonLayout</include>
				<content>
					<include>HomeAddonItemsTV</include>
				</content>
			</control>
			<control type="fixedlist" id="704">
				<animation effect="slide" start="0,0" end="-136,0" time="0" condition="String.IsEqual(Container(704).NumItems,2) | String.IsEqual(Container(704).NumItems,4) | String.IsEqual(Container(704).NumItems,6)">conditional</animation>
				<visible>Container(9000).HasFocus(2)</visible>
				<onleft>704</onleft>
				<onright>704</onright>
				<onup>9001</onup>
				<ondown>20</ondown>
				<include>HomeAddonsCommonLayout</include>
				<content>
					<include>HomeAddonItemsVideos</include>
				</content>
			</control>
			<control type="fixedlist" id="705">
				<animation effect="slide" start="0,0" end="-136,0" time="0" condition="String.IsEqual(Container(705).NumItems,2) | String.IsEqual(Container(705).NumItems,4) | String.IsEqual(Container(705).NumItems,6)">conditional</animation>
				<visible>Container(9000).HasFocus(10)</visible>
				<onleft>705</onleft>
				<onright>705</onright>
				<onup>9001</onup>
				<ondown>20</ondown>
				<include>HomeAddonsCommonLayout</include>
				<content>
					<include>HomeAddonItemsMovies</include>
				</content>
			</control>
			<control type="fixedlist" id="706">
				<animation effect="slide" start="0,0" end="-136,0" time="0" condition="String.IsEqual(Container(706).NumItems,2) | String.IsEqual(Container(706).NumItems,4) | String.IsEqual(Container(706).NumItems,6)">conditional</animation>
				<visible>Container(9000).HasFocus(11)</visible>
				<onleft>706</onleft>
				<onright>706</onright>
				<onup>9001</onup>
				<ondown>20</ondown>
				<include>HomeAddonsCommonLayout</include>
				<content>
					<include>HomeAddonItemsTVShows</include>
				</content>
			</control>
			<control type="fixedlist" id="707">
				<animation effect="slide" start="0,0" end="-136,0" time="0" condition="String.IsEqual(Container(707).NumItems,2) | String.IsEqual(Container(707).NumItems,4) | String.IsEqual(Container(707).NumItems,6)">conditional</animation>
				<visible>Container(9000).HasFocus(14)</visible>
				<onleft>707</onleft>
				<onright>707</onright>
				<onup>9001</onup>
				<ondown>20</ondown>
				<include>HomeAddonsCommonLayout</include>
				<content>
					<include>HomeAddonItemsMusicVideos</include>
				</content>
			</control>
			<control type="fixedlist" id="708">
				<animation effect="slide" start="0,0" end="-136,0" time="0" condition="String.IsEqual(Container(708).NumItems,2) | String.IsEqual(Container(708).NumItems,4) | String.IsEqual(Container(708).NumItems,6)">conditional</animation>
				<visible>Container(9000).HasFocus(3)</visible>
				<onleft>708</onleft>
				<onright>708</onright>
				<onup>9001</onup>
				<ondown>20</ondown>
				<include>HomeAddonsCommonLayout</include>
				<content>
					<include>HomeAddonItemsMusic</include>
				</content>
			</control>
			<control type="fixedlist" id="709">
				<animation effect="slide" start="0,0" end="-136,0" time="0" condition="String.IsEqual(Container(709).NumItems,2) | String.IsEqual(Container(709).NumItems,4) | String.IsEqual(Container(709).NumItems,6)">conditional</animation>
				<visible>Container(9000).HasFocus(1)</visible>
				<onleft>709</onleft>
				<onright>709</onright>
				<onup>9001</onup>
				<ondown>20</ondown>
				<include>HomeAddonsCommonLayout</include>
				<content>
					<include>HomeAddonItemsPrograms</include>
				</content>
			</control>
		</control>
		<control type="group">
			<animation effect="slide" end="0,-727" time="320" tween="cubic" easing="inout" condition="Skin.String(MainMenuPosition,$LOCALIZE[391])">Conditional</animation>
			<animation effect="slide" end="0,-608" time="320" tween="cubic" easing="inout" condition="Skin.String(MainMenuPosition,$LOCALIZE[393])">Conditional</animation>
			<depth>DepthMenu-</depth>
			<left>0</left>
			<top>50r</top>
			<visible>system.getbool(lookandfeel.enablerssfeeds)</visible>
			<include>Window_OpenClose_Animation</include>
			<control type="rss">
				<description>RSS feed</description>
				<left>150</left>
				<top>0</top>
				<height>45</height>
				<width>1718</width>
				<font>font12</font>
				<urlset>1</urlset>
				<textcolor>blue</textcolor>
				<titlecolor>blue</titlecolor>
				<headlinecolor>white</headlinecolor>
			</control>
			<control type="image">
				<description>RSS background</description>
				<left>1875</left>
				<top>3</top>
				<width>36</width>
				<height>36</height>
				<texture>icon-rss.png</texture>
			</control>
		</control>
		<control type="group" id="10">
			<animation effect="slide" end="0,-727" time="320" tween="cubic" easing="inout" condition="Skin.String(MainMenuPosition,$LOCALIZE[391])">Conditional</animation>
			<animation effect="slide" end="0,-608" time="320" tween="cubic" easing="inout" condition="Skin.String(MainMenuPosition,$LOCALIZE[393])">Conditional</animation>
			<depth>DepthFooter</depth>
			<left>30</left>
			<top>82r</top>
			<include>Window_OpenClose_Animation</include>
			<control type="button" id="20">
				<description>Power push button</description>
				<left>82</left>
				<top>16</top>
				<width>52</width>
				<height>52</height>
				<label>31003</label>
				<font>-</font>
				<onclick>ActivateWindow(ShutdownMenu)</onclick>
				<texturefocus border="8">floor_buttonFO.png</texturefocus>
				<texturenofocus border="8">floor_button.png</texturenofocus>
				<onleft>21</onleft>
				<onright>21</onright>
				<onup>9002</onup>
				<ondown>9003</ondown>
			</control>
			<control type="image">
				<description>Power Icon</description>
				<left>86</left>
				<top>20</top>
				<width>44</width>
				<height>44</height>
				<aspectratio>keep</aspectratio>
				<texture>icon_power.png</texture>
			</control>
			<control type="button" id="21">
				<description>Favourites push button</description>
				<left>16</left>
				<top>16</top>
				<width>52</width>
				<height>52</height>
				<label>1036</label>
				<font>-</font>
				<onclick>ActivateWindow(Favourites)</onclick>
				<texturefocus border="8">floor_buttonFO.png</texturefocus>
				<texturenofocus border="8">floor_button.png</texturenofocus>
				<onleft>20</onleft>
				<onright>20</onright>
				<onup>9002</onup>
				<ondown>9003</ondown>
			</control>
			<control type="image">
				<description>Favourites Icon</description>
				<left>20</left>
				<top>20</top>
				<width>44</width>
				<height>44</height>
				<aspectratio>keep</aspectratio>
				<texture>icon_favourites.png</texture>
			</control>
		</control>
		<control type="group">
			<animation effect="slide" end="0,373" time="320" tween="cubic" easing="inout" condition="Skin.String(MainMenuPosition,$LOCALIZE[391])">Conditional</animation>
			<animation effect="slide" end="0,480" time="320" tween="cubic" easing="inout" condition="Skin.String(MainMenuPosition,$LOCALIZE[393])">Conditional</animation>
			<depth>DepthHeader</depth>
			<control type="image">
				<description>LOGO</description>
				<left>15</left>
				<top>8</top>
				<width>180</width>
				<height>74</height>
				<aspectratio aligny="top" align="left">keep</aspectratio>
				<texture>kodi-logo.png</texture>
				<include>VisibleFadeEffect</include>
				<include>Window_OpenClose_Animation</include>
				<visible>!Skin.HasSetting(homepageWeatherinfo)</visible>
			</control>
			<control type="group">
				<left>30</left>
				<top>0</top>
				<visible>Skin.HasSetting(homepageWeatherinfo) + !String.IsEmpty(Weather.Plugin)</visible>
				<include>Window_OpenClose_Animation</include>
				<control type="image">
					<description>Weather image</description>
					<left>0</left>
					<top>0</top>
					<width>90</width>
					<height>90</height>
					<aspectratio>keep</aspectratio>
					<texture>$INFO[Weather.Conditions]</texture>
				</control>
				<control type="label">
					<description>Location label</description>
					<left>98</left>
					<top>8</top>
					<width>750</width>
					<height>22</height>
					<align>left</align>
					<aligny>center</aligny>
					<font>font10</font>
					<textcolor>white</textcolor>
					<shadowcolor>black</shadowcolor>
					<label>$INFO[Window(Weather).Property(Location)]</label>
				</control>
				<control type="grouplist">
					<left>98</left>
					<top>30</top>
					<width>1500</width>
					<height>45</height>
					<orientation>horizontal</orientation>
					<align>left</align>
					<itemgap>0</itemgap>
					<control type="label">
						<description>Temp label</description>
						<width min="0" max="450">auto</width>
						<height>45</height>
						<align>left</align>
						<aligny>center</aligny>
						<font>font28_title</font>
						<textcolor>white</textcolor>
						<shadowcolor>black</shadowcolor>
						<label>[B]$INFO[Window(Weather).Property(Current.Temperature)][/B]</label>
					</control>
					<control type="label">
						<description>Temp Units</description>
						<width min="0" max="150">auto</width>
						<height>33</height>
						<font>font10</font>
						<aligny>center</aligny>
						<label>$INFO[System.TemperatureUnits]</label>
						<textcolor>white</textcolor>
						<shadowcolor>black</shadowcolor>
						<visible>!String.IsEmpty(Window(Weather).Property(Current.Temperature))</visible>
					</control>
					<control type="label">
						<description>Conditions Label</description>
						<width>750</width>
						<height>33</height>
						<font>font10</font>
						<aligny>center</aligny>
						<label>$INFO[Window(Weather).Property(Current.Condition),  ]</label>
						<textcolor>grey2</textcolor>
						<shadowcolor>black</shadowcolor>
					</control>
				</control>
			</control>
			<include>Clock</include>
			<control type="label">
				<description>Date label</description>
				<right>30</right>
				<top>52</top>
				<width>450</width>
				<height>22</height>
				<align>right</align>
				<aligny>center</aligny>
				<font>font10</font>
				<textcolor>white</textcolor>
				<shadowcolor>black</shadowcolor>
				<label>$INFO[System.Date]</label>
				<include>Window_OpenClose_Animation</include>
				<animation effect="slide" start="0,0" end="-60,0" time="75" condition="Player.Muted">conditional</animation>
			</control>
		</control>
	</controls>
</window>
