<?xml version="1.0" encoding="UTF-8"?>
<window>
	<defaultcontrol>61</defaultcontrol>
	<controls>
		<control type="group">
			<depth>DepthDialog-</depth>
			<animation effect="slide" start="1650,0" end="0,0" time="300" tween="quadratic" easing="out">WindowOpen</animation>
			<animation effect="slide" start="0,0" end="1850,0" time="300" tween="quadratic" easing="out">WindowClose</animation>
			<control type="image">
				<left>70</left>
				<top>0</top>
				<width>1880</width>
				<height>1080</height>
				<texture border="22,0,0,0" flipx="true">MediaBladeSub.png</texture>
			</control>
			<control type="button">
				<description>Close Window button</description>
				<left>100</left>
				<top>0</top>
				<width>96</width>
				<height>48</height>
				<label>-</label>
				<font>-</font>
				<onclick>PreviousMenu</onclick>
				<texturefocus>DialogCloseButton-focus.png</texturefocus>
				<texturenofocus>DialogCloseButton.png</texturenofocus>
				<onleft>61</onleft>
				<onright>61</onright>
				<onup>61</onup>
				<ondown>61</ondown>
				<visible>system.getbool(input.enablemouse)</visible>
			</control>
			<control type="group">
				<animation effect="fade" delay="300" start="0" end="100" time="150">WindowOpen</animation>
				<animation effect="fade" start="100" end="0" time="150">WindowClose</animation>
				<control type="label" id="1">
					<description>header label</description>
					<left>115</left>
					<top>60</top>
					<width>1545</width>
					<height>45</height>
					<font>font13_title</font>
					<align>center</align>
					<aligny>center</aligny>
					<textcolor>selected</textcolor>
					<shadowcolor>black</shadowcolor>
				</control>
				<control type="textbox" id="5">
					<description>textarea</description>
					<left>115</left>
					<top>138</top>
					<width>1700</width>
					<height>897</height>
					<label>-</label>
					<font>font10</font>
					<align>left</align>
					<textcolor>white</textcolor>
					<shadowcolor>black</shadowcolor>
					<pagecontrol>61</pagecontrol>
					<scroll>false</scroll>
					<wrapmultiline>true</wrapmultiline>
					<scrollspeed>50</scrollspeed>
					<scrollsuffix> - </scrollsuffix>
				</control>
				<control type="scrollbar" id="61">
					<left>1830</left>
					<top>135</top>
					<width>38</width>
					<height>900</height>
					<texturesliderbackground border="0,21,0,21">ScrollBarV.png</texturesliderbackground>
					<texturesliderbar border="0,21,0,21">ScrollBarV_bar.png</texturesliderbar>
					<texturesliderbarfocus border="0,21,0,21">ScrollBarV_bar_focus.png</texturesliderbarfocus>
					<textureslidernib>ScrollBarNib.png</textureslidernib>
					<textureslidernibfocus>ScrollBarNib.png</textureslidernibfocus>
					<onleft>61</onleft>
					<onright>61</onright>
					<ondown>61</ondown>
					<onup>61</onup>
					<showonepage>true</showonepage>
					<orientation>vertical</orientation>
				</control>
			</control>
		</control>
		<control type="group">
			<depth>DepthDialog-</depth>
			<include>Clock</include>
		</control>
	</controls>
</window>
