<?xml version="1.0" encoding="UTF-8"?>
<window>
	<defaultcontrol always="true">21</defaultcontrol>
	<include>dialogeffect</include>
	<depth>DepthDialog+</depth>
	<coordinates>
		<left>630</left>
		<top>262</top>
	</coordinates>
	<controls>
		<control type="image">
			<left>0</left>
			<top>0</top>
			<width>570</width>
			<height>645</height>
			<texture border="60">DialogBack.png</texture>
		</control>
		<control type="image">
			<description>Dialog Header image</description>
			<left>60</left>
			<top>27</top>
			<width>450</width>
			<height>75</height>
			<texture>dialogheader.png</texture>
		</control>
		<control type="button">
			<description>Close Window button</description>
			<left>435</left>
			<top>22</top>
			<width>96</width>
			<height>48</height>
			<label>-</label>
			<font>-</font>
			<onclick>PreviousMenu</onclick>
			<texturefocus>DialogCloseButton-focus.png</texturefocus>
			<texturenofocus>DialogCloseButton.png</texturenofocus>
			<visible>system.getbool(input.enablemouse)</visible>
		</control>
		<control type="label" id="1">
			<description>dialog Heading</description>
			<left>30</left>
			<top>42</top>
			<width>510</width>
			<height>52</height>
			<font>font12_title</font>
			<textcolor>selected</textcolor>
			<shadowcolor>black</shadowcolor>
			<align>center</align>
			<aligny>center</aligny>
			<wrapmultiline>true</wrapmultiline>
		</control>
		<control type="image">
			<left>45</left>
			<top>105</top>
			<width>480</width>
			<height>75</height>
			<aspectratio>stretch</aspectratio>
			<texture border="30">KeyboardEditArea.png</texture>
		</control>
		<control type="label" id="4">
			<description>Edit Text</description>
			<left>52</left>
			<top>105</top>
			<width>465</width>
			<height>75</height>
			<font>font13</font>
			<textcolor>selected</textcolor>
			<disabledcolor>grey2</disabledcolor>
			<align>center</align>
			<aligny>center</aligny>
		</control>
		<control type="image">
			<left>60</left>
			<top>180</top>
			<width>450</width>
			<height>45</height>
			<aspectratio>stretch</aspectratio>
			<texture>dialogheader.png</texture>
		</control>
		<control type="group">
			<left>82</left>
			<top>232</top>
			<control type="button" id="11">
				<description>1 button</description>
				<left>0</left>
				<top>0</top>
				<width>90</width>
				<height>90</height>
				<font>font13</font>
				<align>center</align>
				<aligny>center</aligny>
				<texturenofocus border="38,38,8,8">KeyboardCornerTopNF.png</texturenofocus>
				<texturefocus border="38,38,8,8">KeyboardCornerTop.png</texturefocus>
				<label>12311</label>
				<focusedcolor>black</focusedcolor>
				<onleft>23</onleft>
				<onright>12</onright>
				<onup>20</onup>
				<ondown>14</ondown>
			</control>
			<control type="button" id="12">
				<description>2 button</description>
				<left>90</left>
				<top>0</top>
				<width>90</width>
				<height>90</height>
				<font>font13</font>
				<align>center</align>
				<aligny>center</aligny>
				<texturenofocus border="4">KeyboardKeyNF.png</texturenofocus>
				<texturefocus border="8">KeyboardKey.png</texturefocus>
				<label>12312</label>
				<focusedcolor>black</focusedcolor>
				<onleft>11</onleft>
				<onright>13</onright>
				<onup>10</onup>
				<ondown>15</ondown>
			</control>
			<control type="button" id="13">
				<description>3 button</description>
				<left>180</left>
				<top>0</top>
				<width>90</width>
				<height>90</height>
				<font>font13</font>
				<align>center</align>
				<aligny>center</aligny>
				<texturenofocus border="4">KeyboardKeyNF.png</texturenofocus>
				<texturefocus border="8">KeyboardKey.png</texturefocus>
				<label>12313</label>
				<focusedcolor>black</focusedcolor>
				<onleft>12</onleft>
				<onright>23</onright>
				<onup>22</onup>
				<ondown>16</ondown>
			</control>
			<control type="button" id="23">
				<description>Backspace button</description>
				<left>270</left>
				<top>0</top>
				<width>135</width>
				<height>180</height>
				<font>font12</font>
				<align>center</align>
				<aligny>center</aligny>
				<texturenofocus flipx="true" border="8,38,38,8">KeyboardCornerTopNF.png</texturenofocus>
				<texturefocus flipx="true" border="8,38,38,8">KeyboardCornerTop.png</texturefocus>
				<textwidth>180</textwidth>
				<label>-</label>
				<focusedcolor>black</focusedcolor>
				<onleft>13</onleft>
				<onright>11</onright>
				<onup>21</onup>
				<ondown>21</ondown>
			</control>
			<control type="image">
				<description>Backspace icon</description>
				<left>315</left>
				<top>68</top>
				<width>45</width>
				<height>45</height>
				<texture>KeyboardBackKey.png</texture>
			</control>
			<control type="button" id="14">
				<description>4 button</description>
				<left>0</left>
				<top>90</top>
				<width>90</width>
				<height>90</height>
				<font>font13</font>
				<align>center</align>
				<aligny>center</aligny>
				<texturenofocus border="4">KeyboardKeyNF.png</texturenofocus>
				<texturefocus border="8">KeyboardKey.png</texturefocus>
				<label>12314</label>
				<focusedcolor>black</focusedcolor>
				<onleft>23</onleft>
				<onright>15</onright>
				<onup>11</onup>
				<ondown>17</ondown>
			</control>
			<control type="button" id="15">
				<description>5 button</description>
				<left>90</left>
				<top>90</top>
				<width>90</width>
				<height>90</height>
				<font>font13</font>
				<align>center</align>
				<aligny>center</aligny>
				<texturenofocus border="4">KeyboardKeyNF.png</texturenofocus>
				<texturefocus border="8">KeyboardKey.png</texturefocus>
				<label>12315</label>
				<focusedcolor>black</focusedcolor>
				<onleft>14</onleft>
				<onright>16</onright>
				<onup>12</onup>
				<ondown>18</ondown>
			</control>
			<control type="button" id="16">
				<description>6 button</description>
				<left>180</left>
				<top>90</top>
				<width>90</width>
				<height>90</height>
				<font>font13</font>
				<align>center</align>
				<aligny>center</aligny>
				<texturenofocus border="4">KeyboardKeyNF.png</texturenofocus>
				<texturefocus border="8">KeyboardKey.png</texturefocus>
				<label>12316</label>
				<focusedcolor>black</focusedcolor>
				<onleft>15</onleft>
				<onright>23</onright>
				<onup>13</onup>
				<ondown>19</ondown>
			</control>
			<control type="button" id="17">
				<description>7 button</description>
				<left>0</left>
				<top>180</top>
				<width>90</width>
				<height>90</height>
				<font>font13</font>
				<align>center</align>
				<aligny>center</aligny>
				<texturenofocus border="4">KeyboardKeyNF.png</texturenofocus>
				<texturefocus border="8">KeyboardKey.png</texturefocus>
				<label>12317</label>
				<focusedcolor>black</focusedcolor>
				<onleft>21</onleft>
				<onright>18</onright>
				<onup>14</onup>
				<ondown>20</ondown>
			</control>
			<control type="button" id="18">
				<description>8 button</description>
				<left>90</left>
				<top>180</top>
				<width>90</width>
				<height>90</height>
				<font>font13</font>
				<align>center</align>
				<aligny>center</aligny>
				<texturenofocus border="4">KeyboardKeyNF.png</texturenofocus>
				<texturefocus border="8">KeyboardKey.png</texturefocus>
				<label>12318</label>
				<focusedcolor>black</focusedcolor>
				<onleft>17</onleft>
				<onright>19</onright>
				<onup>15</onup>
				<ondown>10</ondown>
			</control>
			<control type="button" id="19">
				<description>9 button</description>
				<left>180</left>
				<top>180</top>
				<width>90</width>
				<height>90</height>
				<font>font13</font>
				<align>center</align>
				<aligny>center</aligny>
				<texturenofocus border="4">KeyboardKeyNF.png</texturenofocus>
				<texturefocus border="8">KeyboardKey.png</texturefocus>
				<label>12319</label>
				<focusedcolor>black</focusedcolor>
				<onleft>18</onleft>
				<onright>21</onright>
				<onup>16</onup>
				<ondown>22</ondown>
			</control>
			<control type="button" id="21">
				<description>Done button</description>
				<left>270</left>
				<top>180</top>
				<width>135</width>
				<height>180</height>
				<font>font12</font>
				<align>center</align>
				<aligny>center</aligny>
				<texturenofocus flipx="true" border="38,8,8,38">KeyboardCornerBottomNF.png</texturenofocus>
				<texturefocus flipx="true" border="8,8,38,38">KeyboardCornerBottom.png</texturefocus>
				<textwidth>180</textwidth>
				<label>-</label>
				<focusedcolor>black</focusedcolor>
				<onleft>19</onleft>
				<onright>17</onright>
				<onup>23</onup>
				<ondown>23</ondown>
			</control>
			<control type="image">
				<description>Done icon</description>
				<left>315</left>
				<top>248</top>
				<width>45</width>
				<height>45</height>
				<texture>KeyboardDoneKey.png</texture>
			</control>
			<control type="button" id="20">
				<description>prev button</description>
				<left>0</left>
				<top>270</top>
				<width>90</width>
				<height>90</height>
				<font>font30</font>
				<label>&lt;</label>
				<focusedcolor>black</focusedcolor>
				<align>center</align>
				<aligny>center</aligny>
				<texturenofocus border="8,38,38,8">KeyboardCornerBottomNF.png</texturenofocus>
				<texturefocus border="8,38,38,8">KeyboardCornerBottom.png</texturefocus>
				<onleft>21</onleft>
				<onright>10</onright>
				<onup>17</onup>
				<ondown>11</ondown>
			</control>
			<control type="button" id="10">
				<description>0 button</description>
				<left>90</left>
				<top>270</top>
				<width>90</width>
				<height>90</height>
				<font>font13</font>
				<align>center</align>
				<aligny>center</aligny>
				<texturenofocus border="4">KeyboardKeyNF.png</texturenofocus>
				<texturefocus border="8">KeyboardKey.png</texturefocus>
				<label>12310</label>
				<focusedcolor>black</focusedcolor>
				<onleft>20</onleft>
				<onright>22</onright>
				<onup>18</onup>
				<ondown>12</ondown>
			</control>
			<control type="button" id="22">
				<description>next button</description>
				<left>180</left>
				<top>270</top>
				<width>90</width>
				<height>90</height>
				<font>font30</font>
				<label>&gt;</label>
				<focusedcolor>black</focusedcolor>
				<align>center</align>
				<aligny>center</aligny>
				<texturenofocus border="4">KeyboardKeyNF.png</texturenofocus>
				<texturefocus border="8">KeyboardKey.png</texturefocus>
				<onleft>10</onleft>
				<onright>21</onright>
				<onup>19</onup>
				<ondown>13</ondown>
			</control>
		</control>
	</controls>
</window>
